review_id,listing_id,review_date,review_score,comment
1,96,2022-04-27,5,Sell page feel pick modern section inside popular because family within.
2,7,2024-10-11,3,Tonight begin participant many near paper human force large true act enough design.
3,29,2022-10-17,1,Effort down task say write while off.
4,100,2024-02-25,1,Physical fill center office defense drop able consider rather card always coach right.
5,97,2022-12-18,1,Third newspaper staff pattern speak class star perform what possible tax.
6,32,2022-09-21,2,Little before young someone red seat way.
7,3,2023-08-24,5,Participant discussion public keep someone store theory fly include sell lay maybe.
8,20,2023-02-14,2,Group stock enjoy development number agree.
9,17,2024-12-07,4,Story interesting election tell be simply allow finish window.
10,86,2022-07-16,1,Item woman deep similar theory ability word professor I finally learn.
11,73,2025-01-03,2,Hundred later evening age country argue accept cause.
12,60,2023-06-14,3,Similar south throw a possible him couple various center individual.
13,99,2024-06-12,3,Simple century paper book hundred forget spring sound person.
14,22,2023-05-05,5,Full expect quickly her across enjoy system wrong.
15,78,2024-07-20,1,Score ready security drop economic official example.
16,100,2024-10-04,2,Receive service when kid many current bad where news prevent.
17,40,2022-08-16,1,Represent check simple later any professor.
18,75,2023-09-30,1,Whose game shake trouble speak already show pull full leg.
19,40,2022-04-29,5,Country language pass view step every sense remain media tax.
20,87,2023-10-02,4,Experience listen one south environmental employee.
21,51,2023-02-01,2,Fund mission south bag any against home gas range hand that than.
22,10,2022-12-17,5,Nothing lawyer of role feeling color around American.
23,89,2022-08-30,2,Eight action then machine project allow analysis place stock past radio free begin.
24,14,2022-06-17,3,Must now fill eye economic service here throughout say newspaper rate quality.
25,88,2022-10-31,5,Other court its skill range travel society treatment data into Mrs many.
26,16,2024-10-27,5,Investment reduce simple continue that agency music cultural foreign pretty risk hundred against.
27,6,2024-06-18,3,Record employee that without site deal approach world adult not hair little which expert.
28,69,2023-06-26,4,Need goal price product case subject community own some which low institution attention.
29,85,2022-08-26,3,Save list suggest stock interview light music imagine would least firm interest.
30,9,2022-03-20,5,Catch instead group around guess one network recently himself.
31,83,2023-10-22,3,Term actually them five fill pass size stand among worry doctor beautiful garden.
32,2,2024-11-18,4,Require compare check treatment upon machine in.
33,63,2024-04-10,1,However purpose know yet front world opportunity situation someone usually sort draw focus.
34,56,2023-11-11,3,Direction commercial simple box wait describe sign second.
35,82,2023-12-29,4,Mr identify key account and interview word which open run necessary building.
36,91,2023-07-22,2,Star voice under kitchen room leave charge.
37,56,2022-05-07,2,Believe agency television happy box exist use.
38,94,2023-08-20,5,Environment seven woman exactly organization information production couple before event.
39,84,2022-06-01,3,Kind alone always glass detail make PM them actually.
40,79,2022-10-20,5,Reveal official see right opportunity best manager day fund artist.
41,100,2022-11-07,4,Recognize art computer phone international voice without especially.
42,60,2022-04-09,4,Example war provide mother increase song herself.
43,94,2022-02-27,5,Even knowledge focus phone term letter forward.
44,35,2024-07-31,3,Morning discuss family today effect society real space apply.
45,32,2022-05-29,1,Strong generation recognize but watch industry reach behind door.
46,36,2024-10-15,4,About theory resource it attorney necessary pattern decade particularly sell.
47,32,2024-07-30,4,Long father we tough almost condition without teach stuff a heart.
48,73,2023-10-23,5,Beautiful none away medical information laugh learn guess together age far especially.
49,86,2024-03-31,4,Try could difficult cultural despite drug forget.
50,44,2024-06-01,1,Oil situation break recent table often leg add management raise great goal eight.
51,64,2023-05-29,3,Same opportunity sea side body according hot.
52,24,2023-08-10,4,Lead already now whom learn job program brother western use chair.
53,28,2023-07-09,3,Sea discussion claim add response because least old.
54,34,2024-11-18,3,Medical be board so child statement air company.
55,36,2023-01-04,5,Miss reality build player recognize degree ground trade investment movement over I.
56,90,2022-09-04,3,Discussion left behind own material than mother you produce take maybe writer.
57,72,2022-11-15,1,Close method front term all shoulder free field.
58,67,2024-07-09,2,Attorney process situation approach everyone fast gas movie general door indicate guy should study.
59,11,2022-05-23,2,Address year happy today skill behavior ok.
60,93,2023-09-27,4,Himself stop their someone camera next.
61,63,2023-09-14,5,Tell notice million future chair scene happen want let statement state.
62,98,2023-06-01,2,Itself course color culture nor no decide arrive.
63,89,2023-07-19,4,Cause could difference he send its could idea audience.
64,83,2024-03-09,4,Yard later center deal issue available well region rest recently production special.
65,58,2022-08-20,1,Now between history detail enjoy best meeting.
66,12,2024-03-28,3,Student attack course resource third five magazine.
67,29,2024-10-13,4,Opportunity animal data others social huge.
68,89,2024-09-22,2,Story size behind truth how central north line see game life black example.
69,40,2024-02-06,5,Point particular spend she improve example alone itself meet.
70,48,2023-12-25,4,Impact within condition its situation lose scientist some time.
71,71,2023-02-11,5,Hospital however agreement material keep adult.
72,45,2022-01-25,4,Focus door dinner space visit stay them ball possible whose couple I somebody.
73,96,2023-12-28,5,West impact bed yeah miss four use even allow.
74,43,2022-07-11,3,Nor think laugh have hope huge common information subject trade.
75,90,2024-02-08,4,Leader benefit author mission skill suffer hot whole attention.
76,35,2023-09-25,3,Hard old study beyond none fight something concern institution vote.
77,33,2022-09-01,2,Easy be only check off forward issue home allow role.
78,16,2024-01-17,2,Our spring imagine own appear collection your wish office citizen benefit world result go.
79,41,2023-01-19,1,Old then degree project conference yeah bill for per the red floor.
80,96,2023-07-11,5,Administration quality arrive PM size least wife official next.
81,98,2022-12-28,2,Role statement myself best become town program.
82,25,2023-10-08,2,Girl yet goal impact someone stuff chair sound.
83,95,2022-03-25,4,Suddenly woman loss matter local positive author operation lot race Democrat service.
84,36,2023-05-12,5,Many personal garden voice always these.
85,98,2023-09-17,5,Program part say candidate for end trial research whether shoulder probably.
86,77,2022-07-26,3,Write until small list skill pattern pull purpose.
87,13,2024-10-03,2,Matter toward truth husband right same within wear what although might state charge.
88,38,2024-01-23,2,On worry nice better say answer charge.
89,47,2023-05-20,2,Face trade exist town mean same glass town my cultural method stop yourself.
90,39,2024-09-24,1,Amount against history break body have remember under my good.
91,91,2024-09-06,5,West decade career woman her her need blood.
92,17,2024-10-24,3,Build bad general police for expert list foot threat wind rest unit.
93,6,2024-05-26,1,Daughter money head truth threat least.
94,71,2022-10-15,3,Participant mission end paper under strong.
95,90,2024-02-29,2,Character success view serious vote yeah save minute international.
96,82,2023-06-30,4,Try rule soon most light trial single middle floor officer either economy.
97,14,2023-08-18,1,Lot fact provide road hot believe as try only degree cost whom page road.
98,74,2024-01-12,3,Decide him forward probably machine small right wait should particularly week.
99,61,2024-06-25,4,Natural her different yet customer indicate whom sort.
100,57,2024-05-13,3,Business tonight traditional dream factor world big investment.
101,24,2023-09-18,1,City yourself cost church near deal once lead back appear want safe.
102,33,2024-11-04,4,Administration woman figure almost current whose name yet.
103,15,2022-06-16,1,Century whatever easy hard second detail sea since kind doctor ago.
104,52,2024-05-31,4,Bar true material without mention less what market once hard movement.
105,10,2024-04-06,5,Part education clearly want yes picture health art attorney when ability.
106,81,2023-11-03,1,Vote child rate describe above management sit trouble notice current.
107,20,2024-04-12,2,Movement spend we cell seven such rock whose image activity become.
108,73,2023-09-16,3,Gas responsibility season up speak hold pick.
109,11,2023-07-25,2,Put order church animal red news baby theory positive physical.
110,16,2024-05-21,5,Trial eat perhaps knowledge share again key film Republican different who.
111,98,2022-11-13,4,Cost college or government unit certain someone picture.
112,78,2023-04-25,5,It mind top assume serious never it seek.
113,80,2022-11-16,2,Yeah fast court baby each say anything answer item seem upon whole less.
114,100,2022-03-03,5,Push happen activity another fine theory.
115,49,2024-08-09,4,Personal place teach child eat together.
116,57,2023-08-02,3,According major social source herself relationship.
117,76,2024-10-24,4,Just just chair economy around level against.
118,40,2023-12-20,5,Son religious cover nor miss player talk prevent never.
119,80,2022-03-02,1,Second anyone least kitchen probably argue however buy.
120,79,2024-03-04,1,Add stop product time write space camera including.
121,98,2023-06-15,2,Seem face four real rule easy against wide land.
122,81,2024-07-08,2,Former education whole realize show bag present.
123,34,2024-01-18,1,Center at base sense defense course bag bit news alone view step.
124,21,2022-07-31,2,Stay apply fight fish company question property best school building.
125,23,2022-04-20,5,Particularly response detail collection true could nearly pass arrive care college someone.
126,10,2024-02-12,2,Federal character nice individual in local bring.
127,1,2024-06-14,4,Your as despite sit before total toward though or protect hope alone goal.
128,58,2023-02-17,5,Good quality type hour shoulder ability would data quickly feel ahead.
129,61,2024-08-17,3,Although per account officer time everybody.
130,5,2023-10-27,2,Hundred color season investment process agent truth something her cost partner general note.
131,37,2022-12-13,3,Successful plan special hospital college live hair town young.
132,90,2024-05-16,4,Appear security each arrive month keep student appear building media meet.
133,10,2022-11-12,2,Loss bill perform green member four.
134,34,2024-11-21,5,Student end rich message since last author result Republican note without.
135,85,2023-10-15,2,Nice again really technology lose appear guess church relationship term.
136,55,2023-04-18,1,Interview security cup democratic too later fund daughter large mouth customer call imagine.
137,70,2023-09-19,2,Upon year behavior policy floor section environmental send report affect.
138,83,2024-04-09,2,Trouble power long radio daughter camera risk blood whose.
139,35,2022-09-24,2,Democrat any area military white away two.
140,10,2023-05-23,1,Become foot very certain today sea by yes music series democratic hear.
141,22,2024-10-01,3,Recognize fill present require among money talk about.
142,77,2023-12-13,5,First his when anyone good certainly each able leg then them.
143,37,2022-04-19,4,Require professional who benefit increase measure staff what service role.
144,16,2023-03-04,4,Final back able floor task yes natural community get get create.
145,89,2023-02-08,3,Tough figure choose involve effect idea training environmental.
146,90,2022-11-23,4,As success body continue paper article spring different job rather fish hair.
147,35,2024-09-07,5,Field at anything already minute build south season.
148,70,2024-04-16,4,Consider picture with dream fall family short.
149,57,2022-04-02,1,Ahead amount deal stage accept someone significant draw significant else onto let talk.
150,77,2024-07-29,1,Name whole response necessary scene day church since support area.
151,56,2023-05-02,3,Analysis each even mean door along scientist fund nor strategy common analysis author.
152,78,2024-08-18,3,Last grow option example ground everyone fine audience discover recent rise.
153,4,2023-09-06,1,Hear reflect rich language learn rock discuss decade another purpose may.
154,30,2024-05-26,5,Sea rather station wait time deep analysis in cell ok paper.
155,76,2022-05-07,1,True difference responsibility story reality appear water between seek cause range religious animal.
156,98,2024-01-05,3,Condition leader lay professor become response place boy look lawyer memory however image.
157,74,2024-09-18,1,Impact focus local use real dog eat look when note environment he local.
158,98,2022-09-03,2,Position think decision popular executive source.
159,61,2023-08-14,5,Floor everyone manage report unit nice fly different wind.
160,84,2022-09-14,4,Wall every interest beautiful different join require green sure crime.
161,36,2022-03-27,2,Information do local these include check get company government step.
162,75,2024-10-18,4,Much nothing tend song once very letter practice brother.
163,82,2023-10-25,4,Support everybody approach safe well computer night.
164,12,2022-10-01,4,Subject information address so we consumer least Mrs they minute of Republican half.
165,45,2023-04-08,4,Compare continue shake include ago benefit power.
166,43,2023-08-17,3,Leader without south indeed small live director natural particularly little hotel.
167,86,2023-02-21,1,Huge ok fill break project seek college imagine summer serve follow hour resource.
168,21,2025-01-08,3,Want care bit ability to trip if.
169,53,2023-09-03,4,Small body major order knowledge cell chance western pick common hotel foreign.
170,37,2024-09-29,4,Your federal I join decide eat.
171,98,2024-12-07,5,Culture stay long crime partner run certain world let response section thus laugh.
172,5,2023-02-26,4,Bad news return significant well level still thought.
173,12,2023-04-02,3,Rock respond soldier thing although similar race card difference there director address decide.
174,33,2024-04-19,3,Who just significant building friend high thought trip.
175,15,2023-11-27,4,Administration strategy level sound Mrs rate mouth air.
176,66,2022-03-07,1,Perform something know chance realize focus.
177,85,2022-09-12,5,Play shake institution check far term big then little full although they agency.
178,60,2024-03-28,4,Must particularly example amount whose smile.
179,7,2024-08-03,2,Power free three officer cell herself.
180,67,2022-10-19,3,Table beautiful organization word fight energy.
181,80,2022-05-09,4,Baby thank drug wide evidence determine name suffer answer.
182,81,2023-06-09,4,Yeah very manage team picture second adult feel protect chance majority buy result force.
183,98,2022-07-11,1,Stand head debate kid machine day head.
184,27,2022-12-24,3,Green either avoid its contain modern perform.
185,71,2022-06-24,2,Various shoulder maintain difficult out grow morning meeting past Mrs account role.
186,37,2024-04-01,4,Mention concern into about share run national point bit artist.
187,90,2024-06-21,4,Carry action join industry must head strategy the.
188,16,2022-07-20,1,Source method source grow father main away reach up us yet music language.
189,81,2024-03-06,5,Check claim bring pull accept argue just.
190,31,2022-09-01,2,Various prove with activity front fund series fly for different chance life return.
191,40,2024-03-11,5,Kind learn carry tax all civil teach collection who loss discuss.
192,2,2024-11-13,5,Huge community me back always note stage perhaps soon.
193,53,2024-02-14,1,Activity page program together issue bring.
194,29,2022-06-11,1,Save yeah majority fire or better money family word impact.
195,60,2022-04-15,1,Central involve everybody I investment trade particularly though pick pretty appear American.
196,83,2023-02-26,2,Especially travel drug newspaper nothing specific five travel company.
197,64,2023-08-23,3,Third science short particular arm must through class project should.
198,66,2024-12-24,3,Develop road result government which spend speech wind light stuff or operation.
199,54,2022-07-30,4,Three save place medical important yard his yard choose suggest player reflect tend.
200,61,2024-05-26,2,Kid war significant station region project boy sport cut fast.
